epoch,avg_reward,avg_episode_reward,avg_episode_len,min_reward,max_reward,mpjpe,joint_angle_rmse,activation_volume,frame_coverage,pos_reward,vel_reward,upright_reward,energy_reward,t_sample,t_update
1,-0.024515,-0.7722,31.50,-0.031118,0.088210,0.155390,0.178388,56.7138,0.3238,0.009271,0.758964,0.850905,0.693385,27.64,9.17
2,0.022642,0.9831,43.42,-0.030589,0.059187,0.155217,0.179592,56.2337,0.2907,0.006230,0.755777,0.864363,0.702271,23.72,7.47
3,0.006460,0.2532,39.19,-0.067865,0.060776,0.154182,0.188340,57.9090,0.3067,0.014773,0.776628,0.852054,0.697302,22.53,8.98
4,0.031858,1.5726,49.36,-0.015179,0.095746,0.149076,0.180622,55.7871,0.3241,0.018529,0.779464,0.857133,0.713888,20.63,7.52
5,-0.001850,-0.0865,46.75,-0.087647,0.017281,0.149830,0.190995,54.7085,0.3439,0.012850,0.782678,0.862395,0.717366,23.95,7.31
6,0.030101,1.7098,56.80,-0.006204,0.068275,0.145057,0.165848,54.5595,0.3393,0.010599,0.790801,0.862571,0.708183,26.37,7.01
7,0.039713,2.2508,56.68,-0.092557,0.139438,0.144589,0.177027,54.9149,0.3343,0.021934,0.789435,0.853106,0.712308,19.94,5.83
8,0.031660,1.9256,60.82,-0.011783,0.055433,0.150141,0.173371,54.9122,0.3648,0.001680,0.773948,0.848855,0.711530,27.52,5.41
9,0.044961,2.5582,56.90,-0.038550,0.080648,0.145421,0.163991,55.2692,0.3329,0.030578,0.785883,0.849129,0.718515,25.66,10.04
10,0.040057,1.9026,47.50,-0.159616,0.331443,0.152798,0.174276,54.4648,0.3296,0.015729,0.766783,0.845657,0.708354,25.94,9.26
11,0.038109,2.1707,56.96,-0.129359,0.086740,0.147877,0.170136,52.8808,0.3581,0.006486,0.780506,0.872019,0.721854,24.52,6.45
12,0.047179,2.4800,52.56,-0.045978,0.085674,0.145265,0.187158,55.0520,0.3770,0.005042,0.781427,0.883629,0.713830,27.52,6.65
13,0.052176,2.8168,53.99,-0.078424,0.074114,0.144104,0.172631,54.1765,0.3708,0.002935,0.793391,0.879114,0.725391,24.64,8.43
14,0.066048,3.6807,55.73,-0.044656,0.155521,0.142353,0.178698,55.1704,0.3971,0.003691,0.812654,0.881530,0.723729,23.85,10.19
15,0.072629,5.7017,78.50,-0.015186,0.106041,0.145765,0.172042,54.6475,0.3676,0.015177,0.793827,0.844755,0.726757,22.47,6.17
16,0.066884,5.1482,76.97,0.049226,0.175322,0.146098,0.165629,54.5949,0.3656,0.019378,0.799902,0.864668,0.721992,24.33,8.36
17,0.063201,4.3195,68.35,-0.151528,0.079467,0.142117,0.172162,56.9941,0.4172,0.002973,0.790839,0.870317,0.742703,22.81,7.02
18,0.053802,3.2598,60.59,0.016977,0.087958,0.136862,0.160611,53.5128,0.3822,0.044899,0.797121,0.857135,0.750695,33.72,6.24
19,0.090826,6.4473,70.98,0.043672,0.192098,0.147098,0.169259,54.0580,0.4039,0.011861,0.770189,0.866655,0.731330,25.70,7.17
20,0.077586,6.0658,78.18,-0.041528,0.103861,0.140209,0.170717,54.2708,0.3927,0.018637,0.822521,0.885697,0.739507,22.71,6.33
21,0.075827,5.5747,73.52,-0.071323,0.332492,0.140770,0.156645,55.0601,0.4060,0.021638,0.800693,0.867962,0.736257,24.24,8.23
22,0.070174,5.7224,81.55,0.036729,0.200179,0.137259,0.165923,54.3443,0.3938,0.040371,0.793665,0.880434,0.735636,24.82,6.42
23,0.126696,10.6489,84.05,0.048461,0.145761,0.139764,0.179823,55.1420,0.4142,0.028384,0.799747,0.873367,0.733565,27.97,6.23
24,0.080937,6.6051,81.61,0.077658,0.202593,0.141366,0.174947,55.7022,0.4242,0.006653,0.793473,0.888713,0.748519,22.90,6.48
25,0.074098,6.3851,86.17,-0.084062,0.221693,0.133488,0.162268,54.9544,0.4259,0.029051,0.822489,0.890655,0.723104,23.23,8.89
26,0.128414,11.1952,87.18,0.028432,0.234268,0.136858,0.170023,53.1464,0.4341,0.025955,0.812709,0.866744,0.743842,24.54,8.58
27,0.119311,11.1724,93.64,0.098795,0.319663,0.134259,0.171056,52.8926,0.4055,0.027299,0.829742,0.884824,0.755304,26.66,11.49
28,0.096103,7.5372,78.43,-0.134908,0.101538,0.140310,0.165161,53.6635,0.4521,0.003486,0.793392,0.881524,0.753684,25.83,5.88
29,0.135369,12.4296,91.82,0.083252,0.161953,0.131573,0.160910,54.1776,0.4327,0.036658,0.815990,0.876196,0.751954,27.46,7.41
30,0.105535,7.6883,72.85,0.098621,0.240894,0.132288,0.164232,51.4033,0.4080,0.023415,0.828788,0.876002,0.753497,28.27,9.99
31,0.118218,10.6604,90.18,0.105109,0.301308,0.132444,0.153387,52.7232,0.4083,0.037985,0.838119,0.865881,0.756969,21.88,8.71
32,0.125469,12.2925,97.97,0.018746,0.158617,0.135029,0.157950,52.7056,0.4204,0.024188,0.817837,0.884167,0.767756,23.97,5.78
33,0.168262,18.9569,112.66,0.136871,0.251599,0.135099,0.164708,53.0309,0.4527,0.026676,0.815979,0.892149,0.747591,26.00,7.96
34,0.138285,15.6305,113.03,0.076368,0.172211,0.124003,0.135951,51.9677,0.4404,0.057232,0.831525,0.885696,0.753463,24.15,8.28
35,0.149687,16.5365,110.47,0.064533,0.216245,0.133615,0.152709,53.0151,0.5054,0.029055,0.823847,0.882477,0.757304,22.66,8.65
36,0.145340,15.6903,107.96,0.073392,0.295590,0.133061,0.162112,52.6468,0.4663,0.010669,0.816043,0.863956,0.745521,29.09,9.34
37,0.145178,15.3373,105.64,0.078346,0.214015,0.116829,0.137020,55.2783,0.4697,0.049621,0.854682,0.885672,0.761063,27.37,8.52
38,0.177183,18.0433,101.83,0.141006,0.271295,0.131081,0.167973,51.8132,0.4470,0.046217,0.819809,0.900035,0.764680,25.77,10.35
39,0.152611,17.3943,113.98,0.127273,0.168530,0.125284,0.153174,51.1436,0.4812,0.019374,0.830265,0.869421,0.756533,25.74,7.73
40,0.169988,18.8120,110.67,0.045541,0.258868,0.127176,0.146198,53.3427,0.4854,0.042334,0.853989,0.886209,0.763144,22.74,6.45
41,0.181208,20.5740,113.54,0.155004,0.271177,0.125516,0.152717,52.6141,0.4605,0.041220,0.831054,0.893353,0.769503,20.66,7.90
42,0.167383,18.7349,111.93,0.049722,0.251129,0.125911,0.141934,53.8269,0.5044,0.017875,0.825085,0.885714,0.758299,27.14,11.00
43,0.201930,19.6262,97.19,0.150388,0.259683,0.125485,0.160691,51.1965,0.4880,0.030071,0.833419,0.884222,0.778533,25.72,5.34
44,0.189467,21.8585,115.37,0.108807,0.317730,0.128863,0.150592,51.7111,0.4975,0.019256,0.834978,0.879856,0.774136,20.73,8.67
45,0.174800,19.8234,113.41,0.070741,0.416078,0.126126,0.152876,51.6630,0.5192,0.044209,0.829940,0.895675,0.767815,23.77,10.04
46,0.180113,20.2113,112.21,-0.025155,0.197309,0.128961,0.171192,51.8016,0.4550,0.034030,0.818227,0.897518,0.779749,20.52,9.05
47,0.190572,21.4822,112.73,0.103667,0.208311,0.120947,0.144278,52.7525,0.4626,0.072108,0.846518,0.909154,0.764812,26.76,8.48
48,0.177879,20.3573,114.44,0.099394,0.205116,0.126274,0.149484,50.3763,0.5003,0.040396,0.818730,0.877066,0.782004,23.43,4.15
49,0.230438,28.0834,121.87,0.186898,0.278349,0.118369,0.134249,52.8355,0.5111,0.064551,0.852500,0.902132,0.784759,28.76,7.22
50,0.202669,23.8858,117.86,0.111154,0.222780,0.123522,0.157480,51.4729,0.4990,0.056807,0.819757,0.886433,0.771998,18.04,6.55
51,0.216930,24.5821,113.32,0.113422,0.218138,0.124178,0.147493,50.8334,0.5098,0.036667,0.846321,0.893215,0.787601,24.96,9.05
52,0.199137,22.7498,114.24,0.170879,0.275869,0.118596,0.135105,50.2338,0.5280,0.059064,0.864933,0.873348,0.767454,22.23,10.19
53,0.215817,26.3735,122.20,0.115643,0.334590,0.114521,0.131015,52.1786,0.5188,0.075366,0.864406,0.904652,0.791774,20.14,4.63
54,0.237710,30.6905,129.11,0.059194,0.351315,0.114427,0.126672,51.7639,0.5396,0.069179,0.854101,0.897702,0.781986,21.95,11.07
55,0.232627,30.5500,131.33,0.104643,0.400809,0.114262,0.142000,52.2390,0.5331,0.080849,0.869768,0.901704,0.768407,25.25,7.17
56,0.217175,28.0417,129.12,0.037419,0.306597,0.123730,0.156884,51.7897,0.5545,0.035868,0.845758,0.899603,0.774471,24.85,7.88
57,0.203846,25.9974,127.53,0.104276,0.309769,0.116706,0.141499,51.5142,0.5267,0.058146,0.845430,0.904808,0.792656,19.64,7.82
58,0.228316,30.3690,133.01,0.208108,0.286106,0.119995,0.144227,50.5610,0.5123,0.069023,0.861453,0.899066,0.777537,24.04,8.33
59,0.220158,29.3158,133.16,0.033974,0.223069,0.116551,0.136925,50.7146,0.5434,0.068815,0.846888,0.896262,0.805583,21.51,4.83
60,0.235145,34.0756,144.91,0.051406,0.268739,0.115190,0.137551,52.4938,0.4868,0.059109,0.857535,0.894227,0.783478,24.02,10.14
61,0.234166,31.9761,136.55,0.143306,0.237275,0.121708,0.146266,52.9709,0.5416,0.083476,0.855014,0.895360,0.803319,23.91,7.27
62,0.206118,28.8894,140.16,0.071900,0.246812,0.115080,0.138176,51.4917,0.5551,0.060925,0.847157,0.902519,0.795667,22.92,9.25
63,0.248985,33.9916,136.52,0.226429,0.343750,0.111329,0.133335,51.3725,0.5295,0.064923,0.850265,0.903646,0.793807,24.69,7.96
64,0.259721,34.7366,133.75,0.228547,0.364655,0.108851,0.124243,49.9392,0.5585,0.068490,0.858166,0.896100,0.791619,23.77,8.06
65,0.249796,34.7686,139.19,0.242804,0.357421,0.109977,0.127231,51.4508,0.5250,0.087537,0.888666,0.898864,0.818970,24.32,6.08
66,0.261644,38.9298,148.79,0.249721,0.318789,0.109195,0.133201,51.4674,0.5463,0.106480,0.879762,0.919371,0.780721,24.05,6.70
67,0.246208,34.7862,141.29,0.131122,0.254996,0.110885,0.143497,50.6824,0.5700,0.085572,0.875299,0.918035,0.817156,25.93,8.88
68,0.259891,39.3550,151.43,0.087545,0.305068,0.114516,0.142378,51.0046,0.5825,0.075493,0.859277,0.910381,0.772521,26.15,2.53
69,0.248085,39.9182,160.91,0.244524,0.384559,0.112299,0.128232,50.0221,0.5951,0.080263,0.871811,0.923827,0.804272,21.99,7.84
70,0.253898,36.3681,143.24,0.112214,0.298279,0.109082,0.126850,51.6002,0.5713,0.094802,0.880878,0.898293,0.793673,28.31,7.38
71,0.266528,40.0493,150.26,0.087091,0.398009,0.111273,0.125011,50.8475,0.5882,0.070009,0.873284,0.905890,0.800379,27.61,10.22
72,0.265626,40.6158,152.91,0.198618,0.303110,0.108664,0.132313,51.3274,0.5788,0.093679,0.868314,0.905392,0.812655,25.01,8.51
73,0.258884,34.7361,134.18,0.224896,0.290488,0.111400,0.135790,49.2688,0.6081,0.073126,0.859485,0.910675,0.804679,23.99,8.93
74,0.236401,35.1761,148.80,0.183609,0.236541,0.109642,0.134948,48.3391,0.5748,0.090286,0.883962,0.922642,0.810538,23.50,8.73
75,0.257471,40.5222,157.39,0.161909,0.301223,0.111304,0.130461,51.1967,0.5985,0.090920,0.870924,0.903749,0.801002,23.39,8.81
76,0.253802,41.2291,162.45,0.208155,0.367025,0.102601,0.122074,50.4450,0.6366,0.123296,0.892427,0.913159,0.815117,24.54,10.18
77,0.298786,45.1522,151.12,0.166885,0.579707,0.104350,0.124906,49.2081,0.5996,0.111322,0.873559,0.910280,0.795810,22.26,8.34
78,0.286226,43.8762,153.29,0.226617,0.287076,0.104108,0.132401,50.4690,0.5902,0.115543,0.881124,0.899185,0.797361,26.96,7.58
79,0.306032,48.2933,157.80,0.196298,0.376104,0.108746,0.131476,49.5148,0.6205,0.103673,0.887851,0.925056,0.819989,26.80,8.78
80,0.307243,46.9216,152.72,0.272039,0.406105,0.100377,0.116465,51.4204,0.6155,0.121781,0.890433,0.915360,0.815682,28.40,7.46
81,0.284736,43.7827,153.77,0.216151,0.422907,0.106575,0.127906,49.3134,0.5967,0.120856,0.879063,0.912480,0.794953,22.32,7.61
82,0.288715,45.3239,156.98,0.241406,0.327140,0.103870,0.131336,50.0718,0.6048,0.132767,0.862505,0.895479,0.811523,25.04,9.04
83,0.296665,45.5328,153.48,0.177958,0.332991,0.107773,0.134879,50.1414,0.6260,0.104957,0.878614,0.916079,0.832703,17.65,5.87
84,0.331946,57.5592,173.40,0.323461,0.491966,0.102665,0.115461,48.9198,0.5921,0.117359,0.884548,0.905140,0.799904,24.65,6.50
85,0.277767,46.3390,166.83,0.216470,0.291866,0.100376,0.121197,50.2192,0.6203,0.125311,0.899169,0.917088,0.806226,24.05,8.55
86,0.329052,58.1335,176.67,0.287029,0.339291,0.108334,0.135459,49.5448,0.6296,0.083350,0.867046,0.932601,0.810403,21.03,7.27
87,0.336721,55.3416,164.35,0.155659,0.561699,0.099931,0.116549,49.0380,0.5995,0.144576,0.888845,0.916446,0.814839,17.04,5.93
88,0.311094,52.6421,169.22,0.256139,0.423371,0.097523,0.123488,49.6551,0.6455,0.140241,0.903770,0.926142,0.817189,26.68,8.85
89,0.307743,51.8526,168.49,0.203255,0.314541,0.097148,0.116997,49.9762,0.6064,0.157626,0.914787,0.932170,0.813916,30.05,7.20
90,0.324249,57.4016,177.03,0.150284,0.372472,0.099545,0.110457,49.4276,0.5935,0.129845,0.897530,0.912687,0.818610,27.32,7.94
91,0.311374,51.3548,164.93,0.273879,0.348679,0.104265,0.125626,50.3453,0.6183,0.105335,0.891503,0.926981,0.831789,29.61,10.17
92,0.319932,52.8082,165.06,0.187292,0.322255,0.097955,0.117661,48.9006,0.6621,0.158683,0.875969,0.900870,0.834763,25.18,8.38
93,0.310899,46.8573,150.72,0.305551,0.519339,0.107081,0.132910,49.6212,0.6234,0.103512,0.887432,0.905783,0.821135,21.53,6.55
94,0.304194,54.3136,178.55,0.247648,0.487817,0.101634,0.125791,49.1519,0.5850,0.098926,0.886816,0.910264,0.836731,22.97,8.61
95,0.310039,51.1965,165.13,0.297658,0.384241,0.098272,0.119774,47.8698,0.6608,0.144714,0.881420,0.924872,0.839290,25.88,5.62
96,0.329914,61.1705,185.41,0.286014,0.382585,0.091817,0.105246,50.1837,0.6448,0.189932,0.916096,0.950209,0.828400,22.61,8.64
97,0.339743,57.9534,170.58,0.302122,0.390454,0.094483,0.124292,49.5866,0.6271,0.165199,0.910072,0.910695,0.834980,30.74,8.70
98,0.302259,54.1822,179.26,0.150783,0.385171,0.096339,0.114384,48.8350,0.6625,0.152461,0.904622,0.912853,0.845648,28.74,9.44
99,0.338834,59.1879,174.68,0.163624,0.348252,0.098889,0.110730,49.1418,0.6538,0.144360,0.910557,0.936888,0.804593,24.05,7.75
100,0.322632,60.0021,185.98,0.265078,0.463614,0.101539,0.116331,49.4562,0.6305,0.121767,0.895106,0.906416,0.852781,26.81,7.73
101,0.326203,58.9131,180.60,0.169410,0.452296,0.100913,0.119461,48.8698,0.6413,0.133020,0.898273,0.925537,0.840177,23.74,11.34
102,0.351664,61.9458,176.15,0.269221,0.443779,0.101193,0.117120,51.2576,0.6733,0.126818,0.889093,0.930024,0.849938,25.54,6.63
103,0.326242,53.4112,163.72,0.259779,0.362301,0.098251,0.121564,48.7121,0.6371,0.147422,0.896255,0.922208,0.807244,21.26,9.68
104,0.376303,71.4220,189.80,0.229585,0.387724,0.090543,0.115165,48.7941,0.6637,0.190988,0.905965,0.923838,0.842767,24.68,7.41
105,0.357995,61.8371,172.73,0.215282,0.534757,0.103388,0.124535,50.6789,0.6673,0.109374,0.891293,0.937462,0.838931,21.14,5.96
106,0.342808,61.0473,178.08,0.331349,0.375802,0.095178,0.119568,48.8360,0.6172,0.184324,0.888537,0.924148,0.856441,26.35,8.84
107,0.352697,64.0710,181.66,0.320417,0.467705,0.097198,0.112704,49.6836,0.6371,0.144985,0.898942,0.922304,0.829513,23.94,6.34
108,0.369735,67.9253,183.71,0.362943,0.424547,0.096597,0.110211,48.1957,0.6543,0.152591,0.905335,0.907928,0.840640,30.99,8.20
109,0.341204,65.6485,192.40,0.298758,0.449092,0.096888,0.106590,47.0365,0.6732,0.149824,0.880432,0.916787,0.814409,24.30,7.72
110,0.362312,67.1037,185.21,0.269285,0.513949,0.097605,0.116295,46.5413,0.6835,0.158583,0.886719,0.950019,0.833140,27.25,5.47
111,0.376478,68.3921,181.66,0.318306,0.413025,0.092056,0.114333,48.8704,0.6711,0.165818,0.901035,0.935904,0.847512,20.30,6.91
112,0.370180,67.8190,183.21,0.253832,0.386386,0.087744,0.102536,47.8626,0.6908,0.210503,0.918430,0.922683,0.832904,22.18,7.05
113,0.365173,67.5855,185.08,0.246211,0.380475,0.094871,0.106316,48.5745,0.6731,0.150749,0.891079,0.931596,0.855469,18.36,8.52
114,0.326877,63.2595,193.53,0.289080,0.372131,0.093885,0.109361,48.3884,0.6471,0.161703,0.901042,0.917887,0.831885,24.48,6.91
115,0.363195,71.1293,195.84,0.341426,0.401575,0.092726,0.112378,50.0443,0.6603,0.191779,0.893584,0.929074,0.860363,26.52,8.29
116,0.355809,68.2548,191.83,0.279624,0.473360,0.092268,0.109557,48.3830,0.6853,0.211339,0.890899,0.935881,0.839971,26.73,8.07
117,0.373553,73.5825,196.98,0.197031,0.470935,0.091589,0.115091,46.0407,0.7175,0.174602,0.901637,0.934540,0.848187,25.85,9.63
118,0.333647,64.8354,194.32,0.282987,0.460935,0.090602,0.107800,46.8736,0.6978,0.178719,0.912322,0.932325,0.860832,24.46,6.96
119,0.377602,66.3941,175.83,0.258463,0.447223,0.092129,0.108779,48.0682,0.6584,0.190649,0.910216,0.957819,0.838908,24.69,10.70
120,0.372337,66.2358,177.89,0.299736,0.400398,0.090696,0.108844,48.5469,0.6778,0.194333,0.916113,0.932105,0.834526,27.97,8.55
121,0.365972,71.9352,196.56,0.227777,0.419160,0.084303,0.096841,47.6878,0.7183,0.235995,0.925639,0.933391,0.860168,23.40,5.64
122,0.351372,68.1036,193.82,0.306028,0.377353,0.084866,0.103580,47.7207,0.7432,0.225542,0.917236,0.936642,0.828939,25.71,10.85
123,0.388911,74.6853,192.04,0.284180,0.528680,0.092524,0.110271,47.5668,0.6521,0.170350,0.909450,0.929811,0.847658,26.82,5.99
124,0.367033,69.5350,189.45,0.315382,0.458495,0.086286,0.111839,49.2366,0.7015,0.226322,0.920029,0.935155,0.853378,24.36,5.84
125,0.377142,77.7829,206.24,0.327967,0.466427,0.083500,0.099408,47.2513,0.7037,0.253038,0.911442,0.943190,0.846677,23.27,8.47
126,0.401276,80.3300,200.19,0.338267,0.506991,0.085265,0.099679,47.3768,0.6921,0.250729,0.944143,0.926580,0.855861,21.47,6.83
127,0.372824,81.4097,218.36,0.238143,0.393890,0.083985,0.100176,46.7788,0.7221,0.239457,0.924435,0.924341,0.872944,28.36,8.45
128,0.351833,66.4039,188.74,0.185999,0.352623,0.083435,0.106223,48.7674,0.7091,0.255382,0.936801,0.948790,0.840684,25.90,9.52
129,0.385244,75.5600,196.14,0.376008,0.577335,0.087992,0.104267,46.0690,0.7025,0.206929,0.912152,0.937702,0.861744,24.09,7.39
130,0.362623,66.0841,182.24,0.314224,0.388705,0.088391,0.106067,47.9241,0.7301,0.212329,0.915785,0.940199,0.853409,26.99,9.40
131,0.380468,77.6631,204.13,0.268735,0.421930,0.079100,0.097963,49.0697,0.7256,0.294718,0.947619,0.930130,0.856470,27.24,8.09
132,0.417571,80.2691,192.23,0.414302,0.529402,0.088134,0.106148,48.0313,0.7094,0.205632,0.916434,0.948073,0.844461,21.07,4.94
133,0.392628,80.6871,205.51,0.327066,0.501089,0.084491,0.104183,47.1343,0.7210,0.244600,0.915910,0.937985,0.870566,26.18,5.90
134,0.395690,81.6092,206.25,0.289243,0.578530,0.090420,0.113134,48.0301,0.7213,0.191214,0.914481,0.948777,0.855199,23.15,6.21
135,0.411394,87.5763,212.88,0.255273,0.465679,0.087757,0.113246,49.1302,0.6874,0.209757,0.918022,0.920361,0.864168,21.81,8.30
136,0.398206,78.6560,197.53,0.337913,0.411209,0.088480,0.102711,46.5328,0.6785,0.193425,0.920225,0.936320,0.851421,23.34,9.61
137,0.396824,81.8787,206.34,0.335219,0.499359,0.086785,0.099105,47.6673,0.7264,0.213916,0.923857,0.946715,0.833680,28.57,3.43
138,0.376705,80.0691,212.55,0.204789,0.417064,0.083266,0.093815,46.5066,0.7457,0.249364,0.913042,0.935740,0.853347,27.60,9.10
139,0.406672,79.2548,194.89,0.368704,0.586957,0.081101,0.102566,46.2160,0.7590,0.261578,0.920660,0.929196,0.865130,21.32,4.73
140,0.409648,84.7162,206.80,0.381011,0.468253,0.081202,0.093751,46.6608,0.7686,0.249705,0.921965,0.944463,0.854594,27.72,6.20
141,0.399404,83.6244,209.37,0.388935,0.569063,0.084072,0.098194,47.2274,0.7256,0.245645,0.922677,0.938371,0.873457,24.29,7.54
142,0.435653,91.5084,210.05,0.415814,0.512374,0.078628,0.097380,45.5716,0.7363,0.292117,0.927208,0.943349,0.863619,22.64,7.57
143,0.417095,89.4683,214.50,0.371900,0.483683,0.080186,0.090770,47.8222,0.7445,0.277263,0.934139,0.946436,0.865867,23.41,11.32
144,0.413788,82.1504,198.53,0.254767,0.429718,0.084161,0.102053,45.9937,0.7577,0.254424,0.929665,0.931110,0.885192,26.98,7.98
145,0.416991,84.1207,201.73,0.396450,0.464799,0.082305,0.096049,47.9476,0.7465,0.259291,0.925924,0.930775,0.853335,26.70,4.10
146,0.420034,90.1290,214.58,0.228390,0.496378,0.086599,0.101782,47.9927,0.7306,0.218533,0.929059,0.934524,0.871627,27.77,8.99
147,0.421407,84.4164,200.32,0.372121,0.602429,0.077155,0.088750,47.9615,0.7501,0.311713,0.922976,0.956400,0.897878,26.10,8.87
148,0.425500,90.6143,212.96,0.391285,0.566191,0.079540,0.091101,45.8220,0.7762,0.279062,0.929571,0.954802,0.869599,26.59,7.71
149,0.422412,89.1144,210.97,0.320171,0.500119,0.074596,0.088540,47.2938,0.7177,0.307038,0.930166,0.949573,0.874406,21.54,8.24
150,0.427365,92.3878,216.18,0.246551,0.581715,0.080742,0.095001,46.5764,0.7543,0.272806,0.937472,0.946787,0.878992,27.61,6.79
151,0.421742,87.5758,207.65,0.330618,0.441600,0.081676,0.091010,46.4607,0.7620,0.277379,0.917226,0.938198,0.873863,26.17,8.74
152,0.430651,94.1097,218.53,0.209998,0.483028,0.082205,0.097581,47.2061,0.7503,0.264391,0.927236,0.938424,0.873025,24.92,8.29
153,0.423229,91.2213,215.54,0.413733,0.456446,0.081719,0.102429,47.2107,0.7964,0.255012,0.924110,0.949338,0.881407,25.96,9.89
154,0.416224,91.9966,221.03,0.393795,0.476320,0.089184,0.108778,46.3626,0.7373,0.200131,0.915681,0.946544,0.880849,22.46,6.39
155,0.423995,87.5839,206.57,0.350157,0.485612,0.080904,0.093811,47.7293,0.7378,0.283076,0.935343,0.953557,0.886592,33.44,5.44
156,0.438285,94.2817,215.12,0.252037,0.538523,0.076657,0.087858,46.7220,0.7299,0.313553,0.941107,0.953863,0.870967,31.36,8.35
157,0.464854,102.1147,219.67,0.446824,0.466262,0.073411,0.088157,46.8700,0.7464,0.347595,0.931863,0.938164,0.875646,25.52,5.22
158,0.437473,96.5455,220.69,0.358433,0.535431,0.078308,0.090785,46.4227,0.7537,0.304149,0.930396,0.943915,0.880228,26.83,7.35
159,0.437689,94.3809,215.63,0.327723,0.461119,0.083132,0.107150,46.0664,0.7590,0.244535,0.910342,0.949722,0.868736,25.26,6.81
160,0.446194,92.9702,208.36,0.355944,0.476691,0.079050,0.097150,49.0895,0.7657,0.273695,0.947942,0.939876,0.866544,24.88,7.86
161,0.447690,95.1692,212.58,0.380176,0.685817,0.082427,0.095591,45.4810,0.7805,0.241133,0.918966,0.948877,0.889199,21.89,7.87
162,0.457951,101.8965,222.51,0.397106,0.479379,0.081527,0.093012,47.1779,0.7680,0.240881,0.920105,0.951117,0.876148,26.43,9.18
163,0.452518,102.2310,225.92,0.328993,0.453854,0.071642,0.084339,47.2338,0.7427,0.359520,0.913256,0.937262,0.897511,23.36,5.02
164,0.454867,107.9923,237.41,0.338373,0.547641,0.081282,0.098665,47.2477,0.7732,0.276480,0.912565,0.954816,0.890610,28.61,7.36
165,0.438397,93.2111,212.62,0.309294,0.464539,0.085945,0.099911,46.2536,0.7612,0.200622,0.915913,0.954347,0.874806,30.81,8.02
166,0.454527,101.4538,223.21,0.340502,0.455699,0.079877,0.096968,48.1020,0.7698,0.276246,0.934786,0.973299,0.877573,26.26,9.89
167,0.450953,103.1817,228.81,0.174209,0.534405,0.068948,0.084519,44.4860,0.7995,0.377421,0.932399,0.953862,0.880475,23.53,8.13
168,0.418904,92.0886,219.83,0.353750,0.481064,0.080153,0.099566,48.1575,0.7677,0.284791,0.920576,0.949787,0.874423,29.51,9.12
169,0.453282,101.7431,224.46,0.200091,0.601291,0.076310,0.092325,45.4657,0.7291,0.324130,0.952303,0.967546,0.871887,23.94,8.72
170,0.435815,96.0892,220.48,0.431552,0.444486,0.079924,0.094359,45.7406,0.7900,0.277564,0.946587,0.948591,0.857997,26.51,6.95
171,0.463870,101.1212,217.99,0.297882,0.494750,0.075076,0.093059,45.0642,0.7652,0.307820,0.945244,0.963659,0.882457,19.12,9.06
172,0.445222,101.5689,228.13,0.416148,0.480681,0.072823,0.083164,46.1285,0.7732,0.341777,0.951886,0.955528,0.876446,22.40,5.53
173,0.430609,91.4616,212.40,0.244489,0.458682,0.067694,0.079420,45.6430,0.8097,0.411014,0.963321,0.945552,0.877611,26.85,4.51
174,0.489009,107.4954,219.82,0.464747,0.584810,0.080444,0.094780,46.6188,0.8022,0.273938,0.948006,0.938063,0.894714,21.95,8.15
175,0.459703,105.5063,229.51,0.382807,0.541614,0.071862,0.087227,47.4874,0.7782,0.346286,0.950956,0.961760,0.910976,23.87,7.31
176,0.453730,102.6135,226.16,0.438269,0.572618,0.073127,0.086278,47.0072,0.7656,0.353137,0.935568,0.935422,0.866273,21.22,6.03
177,0.471044,106.4854,226.06,0.267882,0.492216,0.072363,0.084035,45.9999,0.8099,0.346277,0.938459,0.957400,0.891775,22.28,8.05
178,0.465594,105.2884,226.14,0.384062,0.535771,0.076971,0.091287,48.2315,0.7671,0.304775,0.934379,0.955469,0.894904,29.13,8.00
179,0.461709,96.6686,209.37,0.339937,0.553652,0.076770,0.089199,47.4805,0.8302,0.302193,0.948166,0.960201,0.889401,28.03,8.73
180,0.455718,109.8503,241.05,0.400194,0.626865,0.079037,0.096262,47.2700,0.7811,0.288852,0.940185,0.956179,0.881530,25.03,10.15
181,0.494325,115.3428,233.33,0.469857,0.508876,0.073133,0.094277,46.1262,0.7525,0.342416,0.937890,0.966033,0.882455,28.44,8.81
182,0.476326,111.1749,233.40,0.445137,0.678390,0.073060,0.091492,45.4500,0.7573,0.348652,0.945795,0.952271,0.896226,24.86,7.27
183,0.461777,97.9627,212.14,0.425881,0.466383,0.067758,0.083003,44.6118,0.7888,0.403110,0.945860,0.934749,0.897219,29.31,10.24
184,0.472464,109.9935,232.81,0.465142,0.510591,0.077561,0.099598,47.4002,0.7733,0.282153,0.939256,0.978733,0.895691,29.42,8.27
185,0.455731,108.2367,237.50,0.424790,0.518150,0.070365,0.081048,47.5089,0.8208,0.370612,0.949219,0.960866,0.899701,25.25,10.12
186,0.447620,100.1044,223.64,0.438836,0.468090,0.070112,0.091702,46.6885,0.8088,0.386510,0.949068,0.937385,0.900602,23.37,10.12
187,0.485286,106.7775,220.03,0.484529,0.578324,0.076462,0.088323,45.2021,0.7918,0.293912,0.944582,0.950749,0.886755,19.43,6.98
188,0.497066,115.7285,232.82,0.488051,0.595690,0.069926,0.089706,45.4869,0.7833,0.370566,0.944925,0.970564,0.905793,22.55,7.94
189,0.470187,108.0822,229.87,0.325481,0.485829,0.072056,0.086486,47.2883,0.8223,0.360662,0.937411,0.963173,0.890703,22.09,6.56
190,0.460374,99.8310,216.85,0.442380,0.505356,0.077358,0.090843,46.4161,0.8471,0.315012,0.926626,0.957330,0.886171,25.80,6.57
191,0.470998,109.9426,233.42,0.424560,0.519518,0.068588,0.079905,45.7545,0.7719,0.386294,0.945739,0.957587,0.885917,27.07,10.15
192,0.451828,106.8787,236.55,0.276181,0.475806,0.070886,0.086359,47.6449,0.8118,0.378384,0.942823,0.967989,0.886014,20.54,8.21
193,0.478565,110.2742,230.43,0.392844,0.589769,0.075626,0.083529,44.7770,0.7821,0.332583,0.947228,0.963230,0.894809,26.18,6.71
194,0.486596,102.6204,210.89,0.472455,0.493351,0.073977,0.093160,46.2449,0.8003,0.337719,0.939156,0.958014,0.900852,24.78,6.29
195,0.484295,118.4279,244.54,0.300169,0.610738,0.071468,0.086340,47.0511,0.7832,0.342694,0.945955,0.952908,0.890510,22.29,7.75
196,0.482335,111.6232,231.42,0.399183,0.659972,0.067152,0.076211,47.7170,0.7968,0.396363,0.948183,0.983584,0.908566,22.44,8.97
197,0.481270,116.0183,241.07,0.417394,0.514424,0.074005,0.093098,47.0137,0.7978,0.338340,0.936310,0.943048,0.896208,28.24,6.20
198,0.476812,115.6761,242.60,0.380040,0.534483,0.072955,0.090726,45.2514,0.7759,0.339487,0.934940,0.941261,0.913016,27.48,9.15
199,0.494190,114.7495,232.20,0.455713,0.503637,0.069585,0.082932,45.4967,0.8621,0.384339,0.936875,0.974753,0.889297,26.50,9.60
200,0.509073,119.8632,235.45,0.451737,0.573429,0.070223,0.084070,45.3261,0.8014,0.365109,0.940870,0.970944,0.903078,26.68,7.61
201,0.475066,112.8772,237.60,0.433015,0.528446,0.069181,0.086372,46.7558,0.7919,0.401223,0.928425,0.962954,0.882973,23.10,7.45
202,0.500204,121.9934,243.89,0.315989,0.692654,0.069858,0.081960,44.3979,0.8282,0.361400,0.949568,0.967159,0.886830,25.03,7.83
203,0.504473,115.8176,229.58,0.487686,0.614080,0.064354,0.085249,44.9242,0.8332,0.441731,0.953402,0.966169,0.899853,28.59,8.11
204,0.482397,112.3898,232.98,0.400208,0.639935,0.071334,0.088211,45.1540,0.7938,0.369283,0.954121,0.959300,0.912258,29.11,8.37
205,0.469872,114.3718,243.41,0.463413,0.527097,0.069120,0.083380,45.4584,0.7979,0.376782,0.978267,0.950214,0.885774,26.53,10.29
206,0.494638,109.2165,220.80,0.419400,0.608719,0.063288,0.073801,44.7039,0.7788,0.435627,0.950568,0.952983,0.902707,25.92,9.34
207,0.487900,115.3768,236.48,0.390016,0.495761,0.068967,0.083807,46.2687,0.8206,0.378066,0.952112,0.960576,0.892504,23.01,6.18
208,0.510142,120.0004,235.23,0.461644,0.698935,0.066071,0.081957,45.1766,0.7906,0.413571,0.952487,0.973160,0.899726,21.40,8.82
209,0.519422,132.2242,254.56,0.451797,0.609278,0.068634,0.074691,46.0744,0.8587,0.379599,0.957506,0.954731,0.902156,21.18,7.03
210,0.485543,120.0525,247.25,0.445418,0.560616,0.071002,0.086185,44.3467,0.8145,0.376634,0.955427,0.954614,0.872901,19.70,10.13
211,0.495698,120.2042,242.49,0.466241,0.747308,0.073492,0.092839,45.7019,0.8159,0.355527,0.945272,0.969640,0.912370,21.49,9.13
212,0.501383,128.6863,256.66,0.360392,0.569544,0.061436,0.070596,46.1891,0.8250,0.457376,0.958153,0.965635,0.893693,25.08,5.60
213,0.499086,118.1627,236.76,0.490113,0.653609,0.074377,0.089132,46.6665,0.8227,0.331943,0.942843,0.954958,0.900180,23.17,11.45
214,0.503628,128.1686,254.49,0.455089,0.580274,0.067206,0.081519,44.2978,0.8157,0.407435,0.964294,0.969417,0.918077,24.82,11.59
215,0.520121,128.8202,247.67,0.493082,0.594085,0.063862,0.084078,46.4195,0.8190,0.462001,0.939677,0.960563,0.897547,19.08,9.59
216,0.517104,123.0731,238.00,0.476911,0.593323,0.074904,0.088561,45.1600,0.8290,0.319282,0.949404,0.967208,0.882091,21.32,10.25
217,0.490583,120.2348,245.09,0.476672,0.500171,0.066813,0.080219,46.2980,0.8004,0.408515,0.956740,0.951330,0.906473,28.27,8.73
218,0.490745,117.4475,239.32,0.391159,0.584169,0.064579,0.077262,46.8033,0.8261,0.436278,0.950431,0.968680,0.908491,27.67,10.14
219,0.498355,119.5179,239.82,0.469348,0.498768,0.064213,0.076812,45.0739,0.8066,0.431664,0.951514,0.975812,0.905613,32.42,8.26
220,0.518747,127.4243,245.64,0.392867,0.623550,0.067682,0.082692,47.5834,0.8134,0.384332,0.957477,0.976903,0.895405,24.97,5.41
221,0.499674,125.0403,250.24,0.405936,0.578088,0.065276,0.074713,45.7179,0.8208,0.414857,0.944141,0.965965,0.914023,28.71,7.00
222,0.537803,134.1332,249.41,0.461968,0.550983,0.072262,0.082618,46.7988,0.8190,0.341759,0.937725,0.972432,0.915206,24.79,8.07
223,0.532705,133.8489,251.26,0.499350,0.551256,0.062408,0.072353,45.6875,0.8574,0.461755,0.964618,0.958147,0.903494,22.53,6.13
224,0.508680,126.4955,248.67,0.456029,0.621173,0.068414,0.083965,45.6772,0.8451,0.384893,0.952404,0.971692,0.898674,25.16,7.06
225,0.507329,136.9623,269.97,0.329658,0.531244,0.070056,0.087800,45.9543,0.8743,0.372449,0.948835,0.961221,0.909436,27.51,7.83
226,0.501886,120.3727,239.84,0.446407,0.569548,0.066823,0.077150,45.8178,0.8331,0.436120,0.948372,0.950819,0.899070,24.85,8.82
227,0.498079,117.9860,236.88,0.411771,0.515791,0.063846,0.077702,44.5058,0.8242,0.453165,0.962063,0.975345,0.906782,27.33,5.36
228,0.501993,126.1220,251.24,0.359788,0.584176,0.067632,0.082444,44.3775,0.8075,0.407490,0.936164,0.955954,0.899491,23.93,5.96
229,0.493969,121.2218,245.40,0.451073,0.528254,0.065818,0.075097,45.2316,0.8595,0.430706,0.948250,0.960214,0.918690,24.08,9.66
230,0.514930,127.1321,246.89,0.291521,0.615114,0.066888,0.081337,46.3512,0.8282,0.415735,0.940662,0.976305,0.912047,21.05,9.81
231,0.518948,126.0913,242.97,0.411420,0.605924,0.069658,0.083887,43.6520,0.8032,0.369763,0.946247,0.972474,0.893183,23.65,10.26
232,0.529563,126.4713,238.82,0.445182,0.664550,0.063640,0.078105,46.3940,0.8557,0.455991,0.946932,0.969095,0.910617,26.46,8.51
233,0.495646,126.9276,256.09,0.484901,0.604864,0.067667,0.081829,46.4294,0.8408,0.396512,0.953213,0.960205,0.924799,22.37,7.49
234,0.476273,118.2890,248.36,0.284592,0.589472,0.065865,0.084346,44.7731,0.8505,0.416811,0.944182,0.977673,0.905413,24.47,7.43
235,0.544454,138.9125,255.14,0.503841,0.647305,0.067656,0.074050,44.4808,0.8354,0.394753,0.962853,0.959630,0.919083,20.92,9.61
236,0.510334,129.7623,254.27,0.416392,0.607933,0.063916,0.077586,44.7361,0.8553,0.446153,0.954472,0.962798,0.910822,26.65,11.09
237,0.504718,124.1944,246.07,0.488546,0.571718,0.073871,0.090551,45.6994,0.8591,0.330688,0.946932,0.965644,0.911000,28.26,9.29
238,0.523103,133.9970,256.16,0.521204,0.526571,0.067772,0.083948,43.5925,0.8395,0.408179,0.952480,0.973412,0.910569,22.98,7.61
239,0.517679,131.5622,254.14,0.370853,0.540916,0.058439,0.068965,45.2390,0.8410,0.494298,0.946028,0.964250,0.917876,30.06,9.17
240,0.523111,132.8189,253.90,0.421153,0.539673,0.064827,0.078368,45.7064,0.8291,0.439746,0.945764,0.964450,0.883501,23.14,7.21
241,0.530173,127.5525,240.59,0.382452,0.588561,0.063747,0.069295,45.3669,0.8296,0.443947,0.952482,0.971102,0.912089,24.23,5.70
242,0.509156,126.7376,248.92,0.506814,0.559218,0.063762,0.074575,45.7611,0.8434,0.445735,0.958542,0.987023,0.904453,24.78,8.64
243,0.512435,124.5537,243.06,0.472536,0.594928,0.058967,0.069254,44.0468,0.8152,0.504702,0.967649,0.959367,0.908837,19.43,7.26
244,0.535748,142.0287,265.10,0.425164,0.542301,0.061374,0.076877,43.5895,0.8256,0.475716,0.958105,0.946620,0.891510,25.39,7.46
245,0.525950,132.0688,251.11,0.338236,0.605200,0.063752,0.079512,45.2266,0.8758,0.454234,0.945522,0.996880,0.915781,26.14,8.79
246,0.507363,130.1531,256.53,0.500965,0.544707,0.058437,0.074226,44.7341,0.8542,0.498594,0.963312,0.966058,0.931569,30.95,8.07
247,0.519193,130.9954,252.31,0.495561,0.613509,0.066485,0.078688,44.6387,0.8724,0.397296,0.958531,0.988469,0.919820,29.39,6.73
248,0.508253,122.9184,241.85,0.353723,0.538573,0.062345,0.077221,45.1470,0.8253,0.464529,0.977854,0.982845,0.893935,29.26,9.40
249,0.496621,124.8485,251.40,0.409186,0.604758,0.066198,0.081259,43.7214,0.8665,0.427647,0.952080,0.964391,0.922072,27.92,9.97
250,0.511197,125.6617,245.82,0.488053,0.570666,0.064984,0.078843,45.1054,0.8503,0.426920,0.956018,0.983946,0.913043,28.01,9.62
251,0.532500,142.1380,266.93,0.469938,0.640072,0.061934,0.078415,45.6372,0.8319,0.462512,0.962242,0.975154,0.903375,26.53,5.91
252,0.530955,137.6624,259.27,0.492483,0.663314,0.063611,0.075365,45.4335,0.8552,0.437905,0.955902,0.966728,0.898163,22.24,10.35
253,0.551055,141.6817,257.11,0.533350,0.586255,0.057822,0.069062,46.5339,0.8534,0.517096,0.949728,0.979380,0.910945,27.59,6.78
254,0.556211,146.2610,262.96,0.463525,0.581483,0.061847,0.075467,44.6922,0.8449,0.457721,0.963565,0.962731,0.902721,28.10,5.44
255,0.543568,139.0156,255.75,0.494507,0.628654,0.061559,0.075132,45.5257,0.8421,0.456089,0.956565,0.984123,0.931605,27.15,6.21
256,0.524345,125.8037,239.93,0.516500,0.530511,0.064233,0.079600,45.2939,0.8578,0.441559,0.956506,0.976037,0.901734,26.94,11.08
257,0.522138,131.0569,251.00,0.479383,0.579252,0.062876,0.081840,43.8931,0.8640,0.453044,0.969972,0.988621,0.919858,23.87,11.74
258,0.513948,137.3820,267.31,0.449437,0.590498,0.056575,0.071839,45.8713,0.9090,0.527919,0.972694,0.954282,0.930322,27.36,7.94
259,0.553318,138.4923,250.29,0.546931,0.755529,0.060012,0.070623,43.0367,0.8786,0.490099,0.957639,0.974189,0.909629,22.35,9.58
260,0.546995,145.3317,265.69,0.523261,0.681601,0.061753,0.071245,46.1028,0.8746,0.459880,0.956733,0.969339,0.903259,24.21,10.00
261,0.532625,130.2838,244.61,0.447302,0.604535,0.056905,0.073023,44.7721,0.8498,0.537511,0.960295,0.984872,0.916942,29.29,8.39
262,0.523769,134.4605,256.72,0.522814,0.633826,0.063233,0.076980,44.6163,0.9017,0.449620,0.960039,0.967048,0.919830,24.49,5.63
263,0.546514,131.9707,241.48,0.483188,0.602668,0.056170,0.067788,45.3238,0.8746,0.518444,0.984863,0.961013,0.923046,22.94,8.12
264,0.520444,135.6335,260.61,0.392165,0.599419,0.061576,0.072511,43.7727,0.8701,0.494717,0.971743,0.978811,0.916335,19.18,6.02
265,0.538501,134.7925,250.31,0.524297,0.566326,0.059009,0.070322,43.7478,0.8408,0.490961,0.953772,0.976992,0.915122,24.46,8.90
266,0.528150,132.4636,250.81,0.434639,0.619273,0.062338,0.076889,44.6498,0.8676,0.467378,0.961673,0.976461,0.920501,25.14,9.04
267,0.544722,141.5819,259.92,0.495920,0.699167,0.060555,0.076865,45.0126,0.8793,0.472930,0.966601,1.000499,0.914192,25.21,7.33
268,0.515474,135.6933,263.24,0.487271,0.578656,0.058773,0.069135,43.1839,0.8521,0.529141,0.958218,0.955516,0.927185,22.82,9.95
269,0.538722,133.7402,248.25,0.532218,0.655697,0.060118,0.074420,44.5313,0.8580,0.489342,0.942289,0.967879,0.926023,25.91,8.89
270,0.535713,132.8139,247.92,0.528596,0.724289,0.063234,0.077292,45.6738,0.8836,0.453662,0.961474,0.983361,0.909308,22.28,8.69
271,0.570273,142.1041,249.19,0.532794,0.642493,0.061524,0.068131,43.7886,0.8962,0.465757,0.958736,0.990403,0.913983,23.57,10.32
272,0.556079,143.8855,258.75,0.472903,0.571988,0.056026,0.066752,43.0619,0.8487,0.530583,0.957816,0.970517,0.922161,27.95,4.06
273,0.536174,138.0230,257.42,0.440294,0.659372,0.059938,0.073134,44.9768,0.8643,0.498966,0.953070,0.972228,0.921219,29.68,7.55
274,0.557472,145.7615,261.47,0.414362,0.585653,0.059939,0.071295,44.3681,0.8659,0.489820,0.949136,0.963313,0.941055,24.47,6.84
275,0.524495,135.9228,259.15,0.437858,0.605584,0.061700,0.073614,44.3664,0.8682,0.469982,0.976581,0.973978,0.896512,24.72,12.11
276,0.547182,134.1181,245.11,0.428806,0.711455,0.061635,0.071676,43.3193,0.8653,0.456275,0.958266,0.969165,0.924032,21.36,9.07
277,0.551103,145.9412,264.82,0.438785,0.583059,0.054863,0.062838,45.0786,0.9061,0.547901,0.956441,0.968474,0.908194,21.16,8.60
278,0.551797,149.2211,270.43,0.430247,0.693149,0.055967,0.067989,44.1608,0.9015,0.526928,0.965937,0.963692,0.916405,24.21,6.91
279,0.526980,144.9689,275.09,0.365157,0.771611,0.052881,0.060664,45.2653,0.8420,0.565256,0.972241,0.980053,0.927392,20.43,7.65
280,0.568346,159.3473,280.37,0.546208,0.607863,0.054939,0.063048,43.5856,0.8446,0.542053,0.953410,0.951386,0.918550,24.05,7.02
281,0.548796,147.2529,268.32,0.513665,0.658714,0.060365,0.071484,43.5131,0.8885,0.490393,0.945617,0.959537,0.913658,21.83,9.13
282,0.550177,150.3508,273.28,0.419385,0.747178,0.060479,0.073206,45.8030,0.8851,0.482314,0.956642,0.965625,0.928464,28.71,7.92
283,0.548705,141.7804,258.39,0.417753,0.682731,0.059087,0.070786,43.8650,0.9240,0.497712,0.941456,0.966527,0.931485,23.11,6.76
284,0.535315,135.7102,253.51,0.468482,0.564925,0.060633,0.071380,44.3412,0.8608,0.473195,0.949137,0.958610,0.924064,25.70,10.55
285,0.555683,144.4998,260.04,0.436020,0.646489,0.059954,0.071183,45.3139,0.8929,0.483720,0.946692,0.966309,0.915865,21.63,8.66
286,0.560330,143.9315,256.87,0.532998,0.784214,0.059776,0.068641,44.2536,0.8642,0.499485,0.958142,0.967992,0.909766,25.76,9.34
287,0.539258,146.5929,271.84,0.388386,0.636013,0.062953,0.074575,44.2295,0.8879,0.456277,0.958960,0.981476,0.939740,25.51,7.83
288,0.532002,133.2038,250.38,0.409572,0.578166,0.057870,0.069459,44.7320,0.8863,0.502945,0.953378,0.968286,0.929069,24.49,8.29
289,0.585852,153.9562,262.79,0.489589,0.600785,0.060364,0.074232,43.8012,0.8829,0.475575,0.958098,0.975763,0.921419,24.91,5.83
290,0.566725,148.6774,262.34,0.507851,0.576567,0.058135,0.068116,44.3380,0.8814,0.512674,0.957277,0.980679,0.926896,27.60,9.07
291,0.556616,148.4308,266.67,0.540586,0.698207,0.059210,0.074200,43.8523,0.8681,0.487768,0.960580,0.974133,0.901192,24.34,7.76
292,0.548466,142.3098,259.47,0.466639,0.720091,0.054984,0.063714,41.8816,0.8716,0.557345,0.975167,0.975966,0.919843,28.08,7.97
293,0.543423,138.1770,254.27,0.486929,0.560517,0.057091,0.070664,46.7599,0.8830,0.526582,0.946349,0.980804,0.931928,26.31,7.67
294,0.519123,142.3250,274.16,0.438260,0.579999,0.056055,0.072452,44.1213,0.8978,0.548114,0.965566,0.981001,0.929538,23.07,8.82
295,0.546213,147.4848,270.01,0.524828,0.643938,0.061344,0.076603,43.7562,0.8681,0.461129,0.962116,0.982994,0.923270,28.03,7.54
296,0.540597,140.2726,259.48,0.512084,0.578659,0.060945,0.070798,44.8021,0.8819,0.489579,0.961092,0.965545,0.927403,24.56,13.18
297,0.555133,139.1609,250.68,0.519013,0.688952,0.061989,0.068681,44.5365,0.9237,0.459737,0.972237,0.979507,0.916158,22.94,7.16
298,0.565358,143.5886,253.98,0.459206,0.626064,0.060867,0.074428,43.1005,0.8578,0.474404,0.962220,0.964479,0.914499,24.72,8.76
299,0.563989,150.9393,267.63,0.561094,0.602422,0.058034,0.067476,43.3512,0.8746,0.488871,0.954962,0.988009,0.925727,20.75,11.53
300,0.573364,155.7846,271.70,0.369278,0.605193,0.058864,0.069554,43.6846,0.9278,0.505844,0.951736,0.988847,0.916696,25.85,5.54
301,0.579632,152.5936,263.26,0.524244,0.592940,0.055400,0.060970,44.9429,0.9282,0.541356,0.974938,0.987399,0.921883,25.10,8.45
302,0.585044,153.5247,262.42,0.545321,0.780058,0.057246,0.072644,45.6020,0.8959,0.535457,0.969229,1.008994,0.913582,22.93,8.63
303,0.545308,151.0268,276.96,0.542195,0.630161,0.055636,0.069281,45.5452,0.9009,0.550731,0.971772,0.978433,0.927956,24.76,8.96
304,0.563415,152.0587,269.89,0.484362,0.661522,0.054500,0.063351,44.5953,0.8868,0.545812,0.981793,0.973816,0.921547,26.45,5.25
305,0.565020,155.3911,275.02,0.449224,0.583432,0.052510,0.065946,45.8747,0.8804,0.571446,0.978135,0.969885,0.921290,22.60,8.51
306,0.567004,149.2094,263.15,0.487218,0.613378,0.053731,0.061569,44.7487,0.9251,0.569011,0.965647,0.972917,0.916665,29.23,4.19
307,0.559594,150.9459,269.74,0.533451,0.625543,0.056044,0.071995,43.6305,0.8751,0.529137,0.949543,0.968145,0.939245,25.22,8.68
308,0.551162,144.3240,261.85,0.518532,0.554950,0.061747,0.073516,43.8919,0.9111,0.466581,0.958017,0.979499,0.947529,26.01,4.43
309,0.571637,150.0288,262.45,0.478315,0.615885,0.057146,0.069278,44.2974,0.8886,0.510932,0.994165,0.969844,0.927792,20.51,8.17
310,0.590436,151.9983,257.43,0.587532,0.615424,0.059834,0.073213,44.8852,0.8547,0.503980,0.970740,0.982876,0.918419,25.45,7.29
311,0.554916,149.8345,270.01,0.546022,0.701369,0.051255,0.064381,44.2266,0.8809,0.582375,0.948326,0.981273,0.932336,24.40,6.28
312,0.557037,157.6181,282.96,0.512206,0.574953,0.053971,0.062739,45.1426,0.8838,0.561989,0.971152,0.973602,0.921357,18.44,9.45
313,0.547141,154.1113,281.67,0.352665,0.578395,0.056345,0.069688,42.7349,0.8797,0.538713,0.942887,0.962259,0.926171,23.58,6.01
314,0.560363,152.7297,272.55,0.444173,0.585393,0.057951,0.067536,45.0030,0.8843,0.494570,0.978894,0.979317,0.940476,21.77,6.62
315,0.564311,149.0419,264.11,0.558763,0.734073,0.056755,0.066788,43.2578,0.8670,0.518215,0.979882,0.976766,0.940538,23.40,8.37
316,0.562986,146.9805,261.07,0.420814,0.632554,0.060409,0.072082,45.0095,0.8778,0.494346,0.962892,0.981355,0.941590,28.47,9.15
317,0.563046,144.2655,256.22,0.520754,0.644853,0.053685,0.066375,44.4250,0.8654,0.561374,0.951543,0.983067,0.931956,30.72,9.27
318,0.565734,147.1935,260.18,0.488870,0.590423,0.052543,0.060523,44.5788,0.8505,0.576724,0.958642,0.982115,0.928537,29.20,8.01
319,0.557376,148.4666,266.37,0.458758,0.611226,0.052622,0.064215,44.8270,0.9435,0.568993,0.971449,0.981782,0.927976,28.26,7.07
320,0.571581,150.1385,262.67,0.495764,0.610511,0.056180,0.066531,46.6553,0.8782,0.549788,0.973984,0.971274,0.933800,25.77,7.23
321,0.568403,149.8933,263.71,0.494877,0.665385,0.056728,0.067955,44.6512,0.8996,0.542328,0.953940,0.982425,0.925635,30.28,6.64
322,0.571526,151.4531,265.00,0.496570,0.672330,0.056949,0.064430,43.7332,0.8524,0.507872,0.975027,0.965163,0.936969,22.90,10.40
323,0.587402,154.5872,263.17,0.481777,0.619238,0.053519,0.065843,43.9410,0.8924,0.564823,0.977837,0.986421,0.927564,24.13,5.39
324,0.565172,153.0654,270.83,0.564399,0.601805,0.055561,0.066881,45.2344,0.8725,0.532303,0.980182,0.987505,0.932222,30.38,5.75
325,0.584975,158.9127,271.66,0.571309,0.666882,0.053396,0.064878,43.0804,0.9105,0.546871,0.958766,0.984155,0.929691,16.92,9.86
326,0.596213,168.5045,282.62,0.564365,0.618960,0.058480,0.068194,43.4904,0.9042,0.508205,0.966881,0.986511,0.917066,26.93,6.90
327,0.579517,158.4163,273.36,0.489715,0.823350,0.057079,0.068832,41.0977,0.9010,0.520183,0.980432,0.981797,0.934169,28.13,8.54
328,0.572499,160.4437,280.25,0.487648,0.727089,0.054380,0.067326,43.8096,0.9139,0.550574,0.971955,0.983829,0.944963,19.88,7.31
329,0.565254,154.1692,272.74,0.553687,0.584219,0.056241,0.066666,44.9119,0.9156,0.543010,0.983946,0.986282,0.930542,24.84,8.84
330,0.572491,163.8361,286.18,0.299363,0.631580,0.052696,0.066652,43.0067,0.8900,0.569636,0.962583,0.973434,0.946842,16.56,6.50
331,0.598995,163.8329,273.51,0.509351,0.716774,0.052506,0.062897,44.2065,0.9160,0.570762,0.977332,0.972044,0.920071,19.72,5.65
332,0.564697,150.0462,265.71,0.558819,0.641207,0.056237,0.064112,40.9876,0.8786,0.546442,0.958910,0.987920,0.930365,24.87,6.75
333,0.578547,154.5410,267.12,0.416271,0.614408,0.055790,0.066289,43.1789,0.9197,0.538057,0.964752,0.970518,0.931408,23.14,6.58
334,0.592076,164.1315,277.21,0.564529,0.724167,0.056783,0.066167,46.6366,0.9179,0.543268,0.956507,0.953669,0.926390,26.67,8.23
335,0.597087,162.2914,271.81,0.577587,0.656380,0.056225,0.069716,43.1688,0.8787,0.525161,0.958847,0.972868,0.923909,21.15,5.75
336,0.571421,156.5875,274.03,0.390162,0.598257,0.058087,0.070555,44.3661,0.8861,0.516416,0.961814,0.990232,0.931224,27.38,7.27
337,0.561494,154.8049,275.70,0.474635,0.597295,0.057007,0.070048,44.5155,0.8944,0.526331,0.958491,0.990616,0.922460,23.25,10.45
338,0.573188,153.9460,268.58,0.557581,0.602365,0.055783,0.067371,41.3403,0.8836,0.539159,0.976894,0.976386,0.920855,25.97,7.51
339,0.562586,156.8335,278.77,0.543786,0.587831,0.060887,0.066243,43.6902,0.9020,0.484552,0.958673,0.976975,0.930454,24.69,7.88
340,0.587649,160.8500,273.72,0.488951,0.642282,0.056888,0.064766,43.0206,0.8675,0.528542,0.949953,0.997610,0.925627,25.50,9.28
341,0.593086,162.9796,274.80,0.559035,0.658481,0.055311,0.074275,44.3651,0.9350,0.532450,0.976766,0.964858,0.947864,25.60,4.02
342,0.574274,156.3442,272.25,0.442371,0.575465,0.054155,0.066922,43.2068,0.8771,0.552762,0.979818,0.971415,0.935126,25.20,5.66
343,0.586684,159.2040,271.36,0.584157,0.640951,0.059925,0.073646,42.3240,0.8413,0.499036,0.951599,0.983496,0.940594,23.66,7.36
344,0.605682,161.9788,267.43,0.588200,0.841431,0.054622,0.068207,43.5806,0.8773,0.544933,0.966334,0.980743,0.928402,24.95,7.94
345,0.569299,152.0180,267.03,0.440915,0.758285,0.059529,0.070996,44.6161,0.8767,0.506962,0.955060,0.987728,0.925901,23.64,7.63
346,0.552482,147.3284,266.67,0.398873,0.666397,0.051101,0.056346,42.9410,0.8884,0.573030,0.960870,0.992227,0.936576,25.56,6.50
347,0.565967,154.4355,272.87,0.419378,0.630342,0.054372,0.067607,44.9240,0.9176,0.550413,0.965276,1.000669,0.915054,24.30,9.82
348,0.587354,162.6227,276.87,0.468601,0.605388,0.053048,0.063065,42.4188,0.9172,0.560899,0.969703,0.971377,0.929480,31.46,8.14
349,0.591741,164.2468,277.57,0.547605,0.626618,0.050851,0.057972,42.9668,0.8968,0.601443,0.960340,0.975032,0.935658,23.12,7.58
350,0.586401,153.2448,261.33,0.555584,0.630969,0.054902,0.070255,43.8293,0.9296,0.536231,0.958322,0.971970,0.932166,26.84,9.88
351,0.609926,172.6844,283.12,0.574235,0.718757,0.048853,0.058796,44.0202,0.9100,0.628296,0.963887,0.975461,0.932250,22.67,8.75
352,0.582870,163.8504,281.11,0.463272,0.615161,0.057305,0.069059,42.2587,0.9056,0.515151,0.972010,0.982535,0.920177,20.75,9.68
353,0.604940,168.0194,277.75,0.567879,0.657102,0.058018,0.072687,44.6648,0.8888,0.506203,0.956157,0.983303,0.916745,27.10,6.57
354,0.600059,165.8670,276.42,0.487749,0.806561,0.053409,0.062070,43.8134,0.9451,0.564983,0.976860,0.992106,0.925284,24.77,5.27
355,0.569645,158.7716,278.72,0.536389,0.603604,0.054245,0.059330,44.5770,0.8896,0.557704,0.962558,0.974380,0.934966,23.77,6.34
356,0.573209,154.1193,268.87,0.402055,0.763263,0.053526,0.060448,44.9507,0.8532,0.565315,0.973899,0.992214,0.926709,26.76,8.29
357,0.572793,160.7112,280.57,0.538468,0.650861,0.050230,0.061330,44.3452,0.9138,0.588134,0.971356,0.975377,0.927183,26.29,9.62
358,0.570067,158.1977,277.51,0.491974,0.697162,0.054005,0.062396,43.6909,0.9026,0.560390,0.951814,0.964569,0.938326,22.55,8.45
359,0.566810,153.1056,270.12,0.524180,0.829227,0.050206,0.064450,44.2941,0.9005,0.592128,0.980875,0.973385,0.945137,23.80,6.43
360,0.598548,168.1244,280.89,0.433407,0.710962,0.053464,0.063701,44.7610,0.8715,0.577102,0.967828,0.991360,0.919610,27.14,6.84
361,0.549511,156.8424,285.42,0.439996,0.622582,0.053735,0.062267,44.3062,0.8734,0.570344,0.957545,0.981258,0.944638,26.26,8.22
362,0.582806,160.1768,274.84,0.370896,0.671897,0.053749,0.064451,43.6511,0.9021,0.550654,0.976040,0.971591,0.932379,24.11,8.54
363,0.610713,166.3958,272.46,0.512309,0.674571,0.051893,0.065437,43.4396,0.9092,0.595964,0.970550,0.985575,0.935380,27.54,6.97
364,0.567660,152.6585,268.93,0.516735,0.592936,0.053821,0.063991,44.6220,0.9366,0.545904,0.988241,0.984533,0.939596,20.98,8.00
365,0.569420,163.8584,287.76,0.543413,0.630299,0.056249,0.074001,42.9586,0.8903,0.541526,0.963676,0.981917,0.926749,27.67,7.43
366,0.607571,169.9457,279.71,0.574764,0.615860,0.052990,0.062966,43.9103,0.9270,0.578330,0.966905,0.974539,0.941569,25.51,5.87
367,0.587109,161.9220,275.80,0.545761,0.633244,0.052125,0.066412,44.3736,0.9388,0.571400,0.970015,0.981811,0.921473,23.38,7.52
368,0.576170,163.5688,283.89,0.413447,0.584503,0.051899,0.063495,43.7058,0.8543,0.566689,0.971280,0.997597,0.927652,25.01,6.04
369,0.574011,160.3388,279.33,0.483494,0.643874,0.053437,0.067743,44.5435,0.8945,0.558657,0.947213,0.981275,0.920569,29.85,8.27
370,0.594894,163.4453,274.75,0.420815,0.661490,0.048510,0.055545,44.8925,0.9569,0.620281,0.964309,1.002468,0.933596,31.35,10.09
371,0.568116,157.6102,277.43,0.535356,0.625136,0.051540,0.061642,43.8102,0.9725,0.594022,0.970542,0.983035,0.925146,25.32,8.77
372,0.575548,157.6701,273.95,0.428581,0.675600,0.056724,0.070726,43.9361,0.8894,0.527962,0.959666,0.972637,0.923823,20.05,7.65
373,0.576578,157.0127,272.32,0.484014,0.774306,0.052140,0.059086,44.2388,0.9279,0.585958,0.962739,0.974229,0.947779,27.65,8.90
374,0.585823,160.3518,273.72,0.523215,0.609691,0.056471,0.068873,44.8642,0.9211,0.532125,0.961642,0.990796,0.920058,23.38,11.07
375,0.598090,161.7479,270.44,0.565602,0.685682,0.050828,0.061847,43.1116,0.9100,0.604371,0.979576,0.992727,0.937436,34.72,9.58
376,0.597400,158.9638,266.09,0.547686,0.650559,0.052746,0.067057,45.5519,0.9435,0.578123,0.956771,0.967363,0.938530,26.57,9.36
377,0.596995,161.3196,270.22,0.584664,0.644083,0.050489,0.060321,42.3297,0.8742,0.609327,0.982813,0.976104,0.942147,23.02,5.23
378,0.571225,162.0083,283.62,0.523194,0.660967,0.051802,0.067279,42.3055,0.9222,0.587665,0.974056,0.972907,0.928694,27.78,10.66
379,0.575301,158.8508,276.12,0.424087,0.755695,0.053694,0.070949,43.9284,0.9440,0.567999,0.972060,0.974750,0.928359,27.96,9.79
380,0.571927,153.4417,268.29,0.378773,0.597267,0.053141,0.062942,45.1716,0.9293,0.573399,0.966957,0.982208,0.947283,27.28,9.99
381,0.587245,170.1153,289.68,0.556871,0.756002,0.054482,0.061220,43.1604,0.8985,0.572523,0.959015,0.987796,0.942249,26.16,8.60
382,0.591897,169.1729,285.81,0.473252,0.735299,0.055444,0.063593,44.6057,0.9334,0.542631,0.968013,0.983800,0.916581,24.76,7.00
383,0.602296,162.7698,270.25,0.552133,0.616058,0.053919,0.064622,43.2399,0.9218,0.559040,0.976503,0.963284,0.936289,23.71,7.80
384,0.579424,168.8920,291.48,0.571845,0.669160,0.057371,0.067916,44.0912,0.9560,0.517793,0.981468,0.990203,0.940036,24.80,7.06
385,0.606299,164.7484,271.73,0.513239,0.633050,0.052556,0.062235,43.5436,0.9362,0.568871,0.973198,0.998032,0.948525,21.24,7.60
386,0.592477,167.1558,282.13,0.460135,0.592973,0.056485,0.063765,42.1704,0.9001,0.532658,0.976499,0.965181,0.949048,24.06,9.10
387,0.572133,160.9448,281.31,0.510898,0.667984,0.053082,0.066766,42.1989,0.9175,0.576964,0.981670,0.977517,0.946535,29.08,5.54
388,0.585978,162.3390,277.04,0.435230,0.617512,0.051827,0.059055,44.7220,0.8931,0.591533,0.963968,0.976076,0.938349,28.02,11.43
389,0.580055,160.5867,276.85,0.463881,0.650828,0.049763,0.062251,42.8355,0.9039,0.612637,0.977362,0.982918,0.924158,27.18,7.92
390,0.586137,158.6031,270.59,0.523718,0.676060,0.048467,0.058078,45.0651,0.9209,0.642693,0.963623,0.975776,0.943254,19.43,9.91
391,0.574740,161.8111,281.54,0.527373,0.613387,0.053695,0.064002,42.7010,0.9151,0.569851,0.982853,0.986801,0.946894,24.11,7.28
392,0.602904,162.6984,269.86,0.412025,0.673292,0.052950,0.060730,42.8776,0.9308,0.577498,0.963624,0.983301,0.951913,27.42,9.19
393,0.586725,160.4579,273.48,0.537422,0.809261,0.049861,0.058032,43.4999,0.8713,0.616059,0.975943,0.977182,0.943737,27.17,6.85
394,0.582366,156.1484,268.13,0.541635,0.622695,0.049570,0.057644,43.8237,0.8997,0.613454,0.976992,0.987265,0.938054,20.38,7.07
395,0.600473,170.0210,283.15,0.577705,0.604218,0.052356,0.066558,44.5569,0.8991,0.569916,0.978122,0.981689,0.923923,26.37,8.33
396,0.595881,160.2194,268.88,0.535646,0.716283,0.050397,0.062014,43.6966,0.9224,0.592770,0.949731,0.988992,0.925993,25.40,8.56
397,0.595813,160.9676,270.16,0.571185,0.645185,0.051938,0.066663,45.4496,0.9391,0.590220,0.968528,0.989000,0.931877,24.48,8.25
398,0.597686,160.0029,267.70,0.511228,0.632046,0.050661,0.057391,45.3554,0.9694,0.590776,0.976630,0.996857,0.926167,24.63,8.29
399,0.597275,164.0057,274.59,0.542073,0.613069,0.048258,0.059408,44.8508,0.9182,0.619197,0.984405,0.987371,0.943289,29.51,6.42
400,0.592404,165.7769,279.84,0.563520,0.625717,0.050625,0.062732,43.5340,0.9002,0.608302,0.975511,0.988157,0.941678,24.44,6.93
401,0.590317,158.4849,268.47,0.522010,0.735403,0.055990,0.070945,44.3497,0.9278,0.532048,0.966362,0.985890,0.943258,27.76,6.96
402,0.592327,167.2923,282.43,0.552096,1.031239,0.053747,0.063446,43.6051,0.9184,0.586510,0.969922,0.990270,0.921786,23.55,9.84
403,0.550490,157.5732,286.24,0.509323,0.736629,0.053475,0.069299,41.7119,0.9511,0.564358,0.944842,0.988154,0.950246,26.09,8.88
404,0.569560,154.9524,272.06,0.514744,0.586812,0.053477,0.068852,44.8329,0.8812,0.548484,0.968781,0.987676,0.924521,27.33,8.90
405,0.598179,168.0067,280.86,0.533503,0.650467,0.047151,0.055797,43.7063,0.9245,0.638415,0.978161,0.993810,0.937955,25.95,7.72
406,0.587785,161.5994,274.93,0.549811,0.675295,0.050435,0.061496,43.7228,0.9153,0.584795,0.975618,0.986152,0.947491,23.41,10.84
407,0.601927,163.6701,271.91,0.577055,0.641630,0.049361,0.054954,45.2228,0.9490,0.632396,0.969444,0.981194,0.953452,26.98,11.30
408,0.602106,168.1833,279.33,0.515388,0.915296,0.050233,0.055641,43.4072,0.9447,0.593755,0.974280,0.994059,0.943470,25.50,6.80
409,0.593211,163.4562,275.55,0.578076,0.612739,0.052551,0.069815,42.1731,0.9172,0.585977,0.974134,0.985501,0.947218,25.05,12.77
410,0.561170,156.8957,279.59,0.382997,0.674624,0.047574,0.055796,44.8246,0.8955,0.649649,0.975284,0.980662,0.920743,26.36,8.99
411,0.601547,172.2577,286.36,0.489837,0.716397,0.053379,0.067077,44.2565,0.9355,0.547416,0.953443,0.976709,0.938112,26.16,8.49
412,0.598765,151.0212,252.22,0.550053,0.763964,0.049488,0.059976,42.8210,0.9189,0.636853,0.978488,0.978158,0.958765,23.96,8.20
413,0.593322,171.1466,288.45,0.565490,0.747067,0.051259,0.061893,44.8684,0.9346,0.616651,0.974048,0.985328,0.941278,28.93,7.10
414,0.602376,164.0599,272.35,0.503043,0.641579,0.048696,0.057174,43.6046,0.9585,0.615071,0.987423,0.995471,0.939933,23.67,9.69
415,0.587482,157.7847,268.58,0.531245,0.688585,0.056754,0.068688,42.8808,0.9315,0.532087,0.975590,0.981140,0.935958,22.12,7.78
416,0.606293,167.6428,276.50,0.591669,0.626720,0.055822,0.068289,44.2247,0.9412,0.538936,0.962860,0.988678,0.943226,23.85,6.01
417,0.589053,162.3300,275.58,0.496415,0.666121,0.046960,0.057544,44.6136,0.9743,0.632265,0.977582,0.986360,0.931775,24.48,5.03
418,0.594944,168.8468,283.80,0.494033,0.702245,0.051254,0.057849,43.0619,0.9183,0.605708,0.978206,0.994002,0.954426,26.71,7.94
419,0.606998,169.8813,279.87,0.546245,0.771905,0.052809,0.059530,42.7989,0.9186,0.583858,0.982265,0.996415,0.952097,21.89,8.72
420,0.598152,179.2664,299.70,0.470029,0.713974,0.050602,0.064074,44.0971,0.9647,0.601004,0.971829,0.971672,0.951224,23.49,7.03
421,0.607419,177.7444,292.62,0.407590,0.726108,0.053858,0.063654,43.5815,0.9233,0.563503,0.987643,0.993481,0.937846,27.49,10.56
422,0.602374,171.0172,283.91,0.597113,0.688912,0.051263,0.060960,44.2046,0.9582,0.591726,0.967590,0.982929,0.941623,30.15,7.64
423,0.604668,168.7719,279.12,0.580418,0.775404,0.052826,0.067000,45.2492,0.9290,0.577571,0.972234,0.985175,0.941721,26.36,7.56
424,0.594686,171.0222,287.58,0.436265,0.710817,0.057385,0.065406,42.3614,0.9059,0.523488,0.965352,0.989923,0.933497,24.27,7.97
425,0.568823,152.7987,268.62,0.463933,0.889639,0.048528,0.060088,43.8624,0.9375,0.631011,0.946068,0.996921,0.922258,27.53,6.67
426,0.593497,167.1301,281.60,0.434003,0.600231,0.045857,0.056623,41.8051,0.9340,0.647552,0.984426,0.970232,0.952980,23.77,5.90
427,0.598593,175.2961,292.85,0.559094,0.655044,0.055417,0.069885,42.8114,0.9240,0.545439,0.967803,0.982758,0.940131,28.91,8.01
428,0.593857,170.0469,286.34,0.381469,0.686082,0.049747,0.056209,42.8555,0.9558,0.584811,0.978226,0.983183,0.935894,25.54,7.26
429,0.600491,176.3562,293.69,0.301909,0.655015,0.051538,0.061037,42.6360,0.8966,0.589906,0.956732,0.987088,0.940246,27.59,8.91
430,0.572697,164.0698,286.49,0.466250,0.589217,0.048665,0.054938,43.4100,0.9344,0.630355,0.974178,0.976200,0.931056,28.08,5.73
431,0.577435,164.5166,284.91,0.433441,0.616416,0.050704,0.056515,43.4482,0.9387,0.598876,0.965054,0.993462,0.918897,26.04,10.43
432,0.585545,168.0802,287.05,0.497862,0.638909,0.050207,0.058652,43.2883,0.9374,0.625350,0.971421,0.971510,0.927542,27.33,7.91
433,0.579870,172.2059,296.97,0.527796,0.666923,0.052747,0.062878,42.8552,0.9187,0.572283,0.975630,0.979624,0.930539,24.30,9.65
434,0.607655,174.3249,286.88,0.599706,0.866927,0.051185,0.062699,45.2270,0.9340,0.580628,0.961323,0.974192,0.927806,27.39,8.44
435,0.585978,154.4475,263.57,0.404774,0.654549,0.055449,0.064060,45.6324,0.8981,0.544305,0.954990,0.974339,0.927470,27.33,9.07
436,0.605298,175.1725,289.40,0.549304,0.779529,0.051268,0.058217,43.2421,0.9169,0.601060,0.962435,0.995092,0.940822,24.03,6.94
437,0.618072,170.3167,275.56,0.486710,0.730887,0.051438,0.062175,43.3114,0.9764,0.586356,0.968530,0.986603,0.934317,26.32,10.18
438,0.612827,171.1509,279.28,0.598649,0.629831,0.049631,0.058473,45.5687,0.9477,0.608146,0.958152,0.992999,0.946307,28.86,7.68
439,0.582946,154.3554,264.79,0.487616,0.628069,0.052690,0.059355,44.3029,0.9274,0.572567,0.983727,1.001966,0.945016,30.89,7.94
440,0.589363,162.1432,275.12,0.485928,0.688197,0.049507,0.057732,41.5029,0.9537,0.600705,0.970759,1.002890,0.962465,20.02,7.47
441,0.623362,178.2617,285.97,0.592020,0.743514,0.051273,0.059896,43.6327,0.9186,0.597790,0.944189,0.984624,0.962424,28.98,5.23
442,0.560198,152.9212,272.98,0.537280,0.566796,0.054423,0.065973,42.7890,0.9290,0.553372,0.975684,0.965915,0.937845,28.03,5.82
443,0.579572,162.2532,279.95,0.430528,0.662708,0.054396,0.064650,43.3818,0.9456,0.548777,0.965871,0.993848,0.947262,22.75,8.21
444,0.620786,171.0819,275.59,0.544671,0.649641,0.050872,0.060555,43.4872,0.8960,0.606213,0.965091,0.979144,0.953915,27.98,8.31
445,0.622058,173.7534,279.32,0.555773,0.634682,0.050504,0.058933,44.4510,0.9149,0.600628,0.979301,0.985673,0.938868,24.91,9.34
446,0.597587,167.3293,280.01,0.549123,0.720241,0.050518,0.062805,43.4438,0.9651,0.598538,0.958531,0.975102,0.936603,28.41,7.95
447,0.627295,178.0895,283.90,0.511267,0.628530,0.053900,0.068063,42.6874,0.9192,0.556645,0.975029,0.995577,0.936257,25.66,9.39
448,0.595412,164.8371,276.85,0.558067,0.798258,0.047981,0.055218,42.9742,0.9388,0.631522,0.962963,0.989827,0.953347,24.76,7.70
449,0.611547,180.5635,295.26,0.583364,0.739616,0.051599,0.069921,43.4114,0.9271,0.596896,0.948936,0.991207,0.967813,26.87,6.27
450,0.592347,174.1759,294.04,0.494323,0.648382,0.053101,0.061184,43.6052,0.9124,0.569991,0.963184,0.974154,0.923438,21.25,8.17
451,0.615554,184.0475,298.99,0.607731,0.670580,0.053812,0.062644,43.2899,0.9082,0.542757,0.964486,0.998288,0.927745,26.70,9.83
452,0.587041,170.2948,290.09,0.574881,0.630581,0.054197,0.070317,43.4628,0.9193,0.542013,0.964969,0.986701,0.937244,25.84,11.85
453,0.597261,160.1041,268.06,0.572842,0.681647,0.052533,0.063669,44.9611,0.9334,0.559627,0.951073,0.989500,0.928711,28.77,8.05
454,0.606452,170.1177,280.51,0.450851,0.625339,0.051646,0.059897,42.5333,0.9540,0.592991,0.970528,0.989570,0.934224,31.21,7.13
455,0.617412,183.5086,297.22,0.523200,0.778502,0.052021,0.064335,44.6625,0.9136,0.579444,0.970361,0.980538,0.938986,30.13,6.49
456,0.591511,167.7850,283.65,0.518740,0.708620,0.051595,0.067384,43.0622,0.9330,0.569444,0.977345,0.989040,0.941933,23.83,6.66
457,0.593512,169.7075,285.94,0.476712,0.720221,0.051323,0.066911,44.9952,0.9006,0.589778,0.956807,0.989690,0.942466,30.74,7.62
458,0.602066,163.5032,271.57,0.426255,0.609358,0.047958,0.059280,44.5905,0.9117,0.629473,0.982826,0.981519,0.940133,21.61,7.03
459,0.622250,175.1880,281.54,0.617351,0.770854,0.047994,0.056837,41.9064,0.9107,0.649765,0.973466,0.985541,0.949088,16.98,8.31
460,0.588417,167.2943,284.31,0.510057,0.730364,0.052222,0.059706,44.7431,0.9259,0.577567,0.985170,0.989338,0.944792,27.70,9.64
461,0.602621,178.7155,296.56,0.570434,0.635790,0.051427,0.062143,44.7372,0.9294,0.605450,0.970604,0.981428,0.957423,27.40,8.47
462,0.596628,173.0681,290.08,0.529355,0.611241,0.050044,0.058390,43.6242,0.9367,0.618890,0.981918,0.983232,0.950405,25.23,6.15
463,0.604851,166.2564,274.87,0.583308,0.671023,0.055638,0.070819,44.2035,0.9365,0.521034,0.957049,0.985548,0.921846,23.37,7.63
464,0.601505,170.0629,282.73,0.589704,0.798775,0.049311,0.063424,44.1517,0.9205,0.607209,0.965324,0.996160,0.938758,21.72,7.94
465,0.621430,183.0741,294.60,0.556658,0.661229,0.049933,0.062086,43.9380,0.9764,0.635348,0.979922,0.987716,0.952747,23.32,8.16
466,0.573884,155.7628,271.42,0.466694,0.634723,0.048604,0.056656,43.8974,0.9292,0.611985,0.964944,0.990260,0.945253,28.20,9.13
467,0.621995,164.4243,264.35,0.504850,0.736116,0.050421,0.063276,44.4006,0.9396,0.598522,0.968747,0.997672,0.958830,20.65,10.12
468,0.613250,178.8247,291.60,0.612696,0.721807,0.049452,0.058556,41.9201,0.9452,0.608839,0.972467,0.985870,0.960049,16.50,6.56
469,0.612611,172.3467,281.33,0.486458,0.671717,0.049380,0.058944,42.8181,0.9337,0.609523,0.971284,0.986130,0.925818,26.38,7.32
470,0.592740,173.8448,293.29,0.432440,0.641703,0.052386,0.060216,43.1017,0.9077,0.592478,0.958117,0.981650,0.942511,26.76,5.36
471,0.601320,168.6094,280.40,0.522688,0.722776,0.045759,0.053889,43.6325,0.9410,0.666291,0.979571,0.979792,0.943702,26.15,10.58
472,0.588452,172.7128,293.50,0.573886,0.594256,0.048572,0.057013,43.2324,0.9299,0.632683,0.970751,0.992708,0.945605,27.16,5.98
473,0.602783,171.1529,283.94,0.588754,0.711709,0.051154,0.059778,40.9652,0.9113,0.609369,0.976818,0.987134,0.943103,28.31,7.11
474,0.611468,172.1108,281.47,0.603704,0.629591,0.052803,0.064400,42.7550,0.9308,0.567216,0.962577,0.989737,0.939897,23.64,6.00
475,0.612238,172.4074,281.60,0.515693,0.778337,0.049121,0.059433,44.2080,0.9472,0.611525,0.962781,0.980444,0.943724,22.64,8.14
476,0.610416,179.8139,294.58,0.339782,0.620166,0.051492,0.060569,42.6203,0.9114,0.584403,0.968456,0.997119,0.925472,30.90,11.67
477,0.602504,166.4952,276.34,0.588769,0.642283,0.048250,0.057261,43.0365,0.9497,0.626034,0.979298,0.974593,0.927164,30.98,7.04
478,0.583552,163.6764,280.48,0.558726,0.627449,0.050877,0.065562,44.0322,0.9032,0.593212,0.954080,0.994651,0.932812,29.48,10.73
479,0.600094,168.0246,280.00,0.498443,0.600195,0.047144,0.058043,42.9516,0.9119,0.637884,0.984803,0.978632,0.961074,21.02,10.42
480,0.622411,174.6065,280.53,0.431229,0.627046,0.048671,0.057569,44.2487,0.9638,0.624489,0.965881,0.976596,0.932308,23.69,8.37
481,0.611569,162.2368,265.28,0.578464,0.748553,0.052817,0.066344,42.8597,0.9060,0.583491,0.966968,1.004852,0.926549,27.75,7.85
482,0.595880,164.3650,275.84,0.565194,0.661948,0.050884,0.062781,45.2275,0.9542,0.582123,0.986024,0.978783,0.958669,26.58,8.49
483,0.592930,171.1862,288.71,0.504552,0.631711,0.049597,0.058601,44.1360,0.9313,0.610775,0.977595,0.982053,0.931822,30.21,10.32
484,0.633105,179.5350,283.58,0.516329,0.741339,0.048989,0.062173,43.0837,0.9216,0.636473,0.959378,0.991800,0.964671,25.09,7.60
485,0.622459,176.6251,283.75,0.476995,0.684741,0.048003,0.057376,42.2006,0.9656,0.619204,0.989769,0.982984,0.932954,19.71,7.03
486,0.606227,181.5163,299.42,0.593909,0.667385,0.051100,0.060361,43.7885,0.9201,0.589706,0.974896,0.971014,0.959253,23.57,9.58
487,0.617032,173.3713,280.98,0.563016,0.622535,0.050927,0.059960,44.5223,0.9195,0.598787,0.966625,0.987195,0.933351,25.74,8.07
488,0.640661,187.4677,292.62,0.617000,0.661227,0.049805,0.058231,43.2993,0.9147,0.611632,0.984201,0.966928,0.918566,23.80,5.93
489,0.610799,171.0419,280.03,0.578025,0.674030,0.051392,0.058746,43.8254,0.9352,0.603479,0.969689,1.004487,0.936284,27.23,7.91
490,0.624151,186.8278,299.33,0.400200,0.671979,0.048881,0.052151,40.3606,0.9605,0.619925,0.960551,0.982574,0.944347,21.98,10.47
491,0.601469,173.2989,288.13,0.581355,0.615089,0.049450,0.056139,44.9676,0.9366,0.607341,0.974334,0.972370,0.955148,24.69,9.74
492,0.605931,172.8662,285.29,0.593335,0.708982,0.046990,0.058173,42.5430,0.9255,0.625937,0.973157,0.994772,0.940537,24.33,8.24
493,0.585299,170.8458,291.90,0.478621,0.721032,0.049361,0.061687,42.3655,0.9279,0.613358,0.964460,0.987767,0.932328,21.90,5.81
494,0.590739,168.1958,284.72,0.427775,0.674987,0.047932,0.058636,42.5781,0.9506,0.632128,0.997762,0.993172,0.938478,27.06,11.21
495,0.627296,171.2952,273.07,0.551593,0.647819,0.048919,0.057683,43.0794,0.9095,0.617640,0.983895,0.986590,0.934656,20.95,7.66
496,0.627958,176.4501,280.99,0.571865,0.663941,0.046554,0.057757,43.5255,0.9395,0.641009,0.970436,0.984991,0.943583,22.51,4.97
497,0.627184,182.3031,290.67,0.593401,0.689310,0.049635,0.062539,45.3633,0.9510,0.628056,0.991173,0.996451,0.951599,24.38,7.94
498,0.603243,173.8676,288.22,0.582323,0.745751,0.047896,0.057018,41.0505,0.9704,0.646612,0.977525,1.001406,0.932159,32.19,9.63
499,0.615060,177.6760,288.88,0.506275,0.655413,0.046983,0.055702,44.8477,0.8987,0.662777,0.959643,1.003083,0.939024,23.66,6.17
500,0.598839,172.0782,287.35,0.591229,0.645904,0.047082,0.058242,42.7384,0.9119,0.639109,0.975712,0.993971,0.955484,24.07,6.43
